epoch,train_loss,val_loss
1,0.9831590709238877,2.0994862294071805
2,0.6723555022066082,0.964782898432979
3,0.6144819670760743,0.7662605446062785
4,0.5737151669720907,0.6384339540117149
5,0.5600035338760236,0.6438294425408925
6,0.5519161840080198,0.6781614578831776
7,0.5456318495332031,1.0428262689497025
8,0.5398354382976034,1.1726625265331065
9,0.5354050383700855,0.8614819113090963
10,0.531549106584641,0.7486164047193211
